{
  "categories": [
    {
      "title": "About Roku",
      "slides": [
        {
          "ShortDescriptionLine1": "Roku Experience",
          "ShortDescriptionLine2": "What is it like to own a Roku?",
          "EpisodeNumber": "1"
        },
        {
          "ShortDescriptionLine1": "Channels",
          "ShortDescriptionLine2": "What is a channel?",
          "EpisodeNumber": "2"
        }
      ]
    },
    {
      "title": "Development",
      "slides": [
        {
          "ShortDescriptionLine1": "Tooling",
          "ShortDescriptionLine2": "What do you need to get started?",
          "SDPosterUrl": "pkg:/images/angry-desk-flip.png",
          "HDPosterUrl": "pkg:/images/angry-desk-flip.png"
        },
        {
          "ShortDescriptionLine1": "Channel Structure",
          "ShortDescriptionLine2": "What goes into a channel?",
          "SDPosterUrl": "pkg:/images/angry-desk-flip.png",
          "HDPosterUrl": "pkg:/images/angry-desk-flip.png"
        },
        {
          "ShortDescriptionLine1": "Platform",
          "ShortDescriptionLine2": "What do we develop in?",
          "SDPosterUrl": "pkg:/images/angry-desk-flip.png",
          "HDPosterUrl": "pkg:/images/angry-desk-flip.png",
          "SlideText": "pkg:/slides/development_platform.txt"
        }
      ]
    }
  ]
}